SubjectID, Time, Event
39172, 67.16938, Start
38820, 67.16938, Start
