SubjectID, Time, Event
34086, 29.02938, Start
33936, 29.02938, Start
