SubjectID, Time, Event
39172, 87.74806, Start
38820, 87.74806, Start
