SubjectID, Time, Event
34086, 36.91891, Start
33936, 36.91891, Start
