SubjectID, Time, Event
33808, 21.51177, Start
33826, 21.51177, Start
