SubjectID, Time, Event
39172, 75.22596, Start
38820, 75.22596, Start
