SubjectID, Time, Event
34086, 35.19109, Start
33936, 35.19109, Start
