SubjectID, Time, Event
39166, 70.53217, Start
38814, 70.53217, Start
