SubjectID, Time, Event
34086, 28.30365, Start
33936, 28.30365, Start
