SubjectID, Time, Event
34086, 20.68656, Start
33936, 20.68656, Start
