SubjectID, Time, Event
34086, 88.44457, Start
33936, 88.44457, Start
