SubjectID, Time, Event
34086, 19.83812, Start
33936, 19.83812, Start
