SubjectID, Time, Event
38436, 70.39806, Start
38168, 70.39806, Start
