SubjectID, Time, Event
34086, 21.04827, Start
33936, 21.04827, Start
