SubjectID, Time, Event
39166, 23.00333, Start
38814, 23.00333, Start
