SubjectID, Time, Event
34086, 10.50801, Start
33936, 10.50801, Start
