SubjectID, Time, Event
34086, 30.55997, Start
33936, 30.55997, Start
